profile,ranker,trades_v1,trades_v2,net_pnl_v1,net_pnl_v2,max_dd_v1,max_dd_v2,pnl_diff,ci_lo,ci_hi
cash_debit,debit_width,147,116,-11273.62050000003,-17985.723700000024,61205.065500000004,68696.53019999998,-6712.103199999998,-65174.839744999896,44574.55995000013
cash_debit,ev_proxy,148,115,7461.126799999982,-18216.31640000001,70151.02740000002,73623.32900000003,-25677.443199999994,-90419.59942000004,34700.994819999956
cash_debit,managed_net_ev,138,110,-6127.78359999999,-19968.958700000003,48024.591100000005,59871.09999999999,-13841.175099999993,-71519.18191500005,38847.302795
cash_debit,rorc_day,156,117,-6340.96380000001,-12868.511400000005,66683.00960000002,66604.06380000002,-6527.547600000034,-63097.89863500002,48637.08848000005
cash_debit,rorc_day_vrp,47,50,24286.239499999996,7351.342300000001,39408.94080000001,42458.80869999998,-16934.897199999992,-53328.32312499998,14318.075155000095
margin,credit_width,92,93,-16653.734599999985,-332.4418999999931,42715.38850000001,38675.253,16321.292700000005,-2543.37273999998,39807.07831500003
margin,ev_proxy,103,102,-9562.220000000001,-10495.7385,33294.986000000004,31963.51400000001,-933.5184999999765,-12578.95663500001,10323.739115000037
margin,managed_net_ev,97,98,-6987.897800000004,1557.9547999999934,32419.703600000008,33045.51090000001,8545.852600000013,-7032.523100000016,25245.41471499998
margin,rorc_day,95,98,-2595.1933000000026,6305.020899999998,34549.557900000014,33836.64020000001,8900.214200000002,-7465.387535000003,26422.56426
margin,rorc_day_vrp,95,98,-2595.1933000000026,6305.020899999998,34549.557900000014,33836.64020000001,8900.214200000002,-7465.387535000003,26422.56426
