Symbol,Call/Put,Expiration,Strike Price,Volume,Matched,Routed,Bid Size,Bid Price,Ask Size,Ask Price,Last Price
GMAB,C,2026-12-18,30.0000,6113,6081,32,0,0.0,0,0.0,8.7000
QQQ,C,2026-10-06,763.0000,4812,2260,2552,0,0.0,0,0.0,0.4400
QQQ,P,2026-10-06,760.0000,3431,1326,2105,0,0.0,0,0.0,0.9200
SPY,C,2026-10-06,779.0000,2885,2812,73,0,0.0,0,0.0,1.4200
SPY,C,2026-10-06,780.0000,2878,2798,80,0,0.0,0,0.0,0.8200
SPY,C,2026-10-06,784.0000,2589,2589,0,0,0.0,0,0.0,0.0700
SPY,C,2026-10-06,781.0000,2369,2359,10,0,0.0,0,0.0,0.4900
GOOGL,C,2026-10-30,345.0000,2249,2216,33,0,0.0,0,0.0,14.7200
ETHA1,C,2026-10-09,15.0000,2215,2215,0,0,0.0,0,0.0,5.4000
SPY,C,2026-10-06,783.0000,2138,2134,4,0,0.0,0,0.0,0.1400
QQQ,C,2026-10-06,762.0000,2022,1888,134,0,0.0,0,0.0,0.8200
BIZD,P,2026-11-20,12.0000,1998,1998,0,0,0.0,0,0.0,0.2200
SPY,P,2026-10-06,779.0000,1911,1609,302,0,0.0,0,0.0,0.7900
IWM,C,2026-10-09,290.0000,1822,1822,0,0,0.0,0,0.0,0.1100
FRO,C,2026-11-20,60.0000,1781,1781,0,0,0.0,0,0.0,1.6500
SPY,C,2026-10-06,782.0000,1486,1485,1,0,0.0,0,0.0,0.2700
QQQ,C,2026-10-06,761.0000,1477,1332,145,0,0.0,0,0.0,1.1800
NU,C,2026-11-20,14.0000,1425,1425,0,0,0.0,0,0.0,2.0500
QQQ,C,2026-10-06,764.0000,1411,1395,16,0,0.0,0,0.0,0.2900
SPY,P,2026-10-06,778.0000,1265,1262,3,0,0.0,0,0.0,0.4700
SPY,C,2026-10-06,785.0000,1255,1255,0,0,0.0,0,0.0,0.0400
SPY,P,2026-10-06,774.0000,1232,1232,0,0,0.0,0,0.0,0.0800
TSLA,C,2026-10-07,385.0000,1160,1158,2,0,0.0,0,0.0,1.9700
SPY,C,2026-10-06,778.0000,1146,1022,124,0,0.0,0,0.0,2.1100
SPCX,C,2026-10-09,175.0000,1130,1129,1,0,0.0,0,0.0,3.9500
MSFT,C,2026-10-07,535.0000,1066,1066,0,0,0.0,0,0.0,2.9000
NVDA,C,2026-10-07,245.0000,1062,1058,4,0,0.0,0,0.0,0.5800
SPY,P,2026-10-06,780.0000,1058,885,173,0,0.0,0,0.0,1.2800
RAM,C,2026-10-16,15.0000,1031,1031,0,0,0.0,0,0.0,0.3800
NVDA,C,2026-10-09,245.0000,1030,1029,1,0,0.0,0,0.0,1.5800
SHOP,C,2026-10-16,190.0000,1000,1000,0,0,0.0,0,0.0,0.3700
IWM,P,2026-10-06,281.0000,984,983,1,0,0.0,0,0.0,0.2600
SPY,C,2026-10-06,776.0000,977,975,2,0,0.0,0,0.0,3.6100
QQQ,C,2026-10-06,760.0000,949,670,279,0,0.0,0,0.0,1.5000
IWM,C,2026-10-06,285.0000,943,943,0,0,0.0,0,0.0,0.0400
SPY,P,2026-10-06,777.0000,941,937,4,0,0.0,0,0.0,0.2800
CRWV,P,2026-10-16,80.0000,923,923,0,0,0.0,0,0.0,0.6600
SPY,P,2026-10-06,776.0000,914,914,0,0,0.0,0,0.0,0.1700
CRWV,P,2026-10-16,87.0000,913,913,0,0,0.0,0,0.0,2.1700
NLY,P,2027-01-15,18.0000,912,912,0,0,0.0,0,0.0,1.0000
NVDA,C,2026-10-07,242.5000,904,900,4,0,0.0,0,0.0,1.5100
TSLA,C,2026-10-07,382.5000,901,899,2,0,0.0,0,0.0,2.9400
QQQ,P,2026-10-06,759.0000,893,832,61,0,0.0,0,0.0,0.6400
META,C,2026-10-07,760.0000,887,410,477,0,0.0,0,0.0,0.9800
TSLA,C,2026-10-07,380.0000,830,830,0,0,0.0,0,0.0,4.1800
SPCX,C,2026-10-16,175.0000,814,814,0,0,0.0,0,0.0,5.9200
SPY,P,2026-10-06,773.0000,799,799,0,0,0.0,0,0.0,0.0700
SPY,P,2026-10-06,775.0000,786,786,0,0,0.0,0,0.0,0.1100
NVDA,C,2026-10-16,240.0000,782,782,0,0,0.0,0,0.0,5.8200
TSLA,P,2026-10-07,380.0000,753,753,0,0,0.0,0,0.0,3.1000
QQQ,P,2026-10-06,761.0000,749,717,32,0,0.0,0,0.0,1.3400
TSM,C,2026-10-09,490.0000,736,735,1,0,0.0,0,0.0,2.9900
NVDA,P,2027-06-17,165.0000,726,726,0,0,0.0,0,0.0,4.0200
TLT,C,2027-01-15,80.0000,719,719,0,0,0.0,0,0.0,1.2900
IWM,C,2026-10-06,283.0000,718,716,2,0,0.0,0,0.0,0.1900
AAOI,C,2026-10-09,130.0000,711,711,0,0,0.0,0,0.0,3.5000
IWM,P,2026-10-06,283.0000,708,708,0,0,0.0,0,0.0,1.2900
ETHA1,P,2026-11-13,28.0000,702,702,0,0,0.0,0,0.0,7.6500
ETHA1,P,2026-10-09,26.0000,701,701,0,0,0.0,0,0.0,5.7500
QQQ,P,2026-10-06,758.0000,699,698,1,0,0.0,0,0.0,0.5200
NKE,C,2026-11-13,34.0000,697,697,0,0,0.0,0,0.0,1.7500
AMZN,C,2026-11-20,270.0000,690,690,0,0,0.0,0,0.0,7.5700
ETHA1,C,2026-10-09,14.5000,683,683,0,0,0.0,0,0.0,5.9000
IWM,C,2026-10-06,284.0000,678,678,0,0,0.0,0,0.0,0.0800
XLU,C,2026-10-09,40.5000,673,673,0,0,0.0,0,0.0,0.4500
QQQ,P,2026-10-06,762.0000,671,496,175,0,0.0,0,0.0,2.1800
IWM,P,2026-10-06,282.0000,643,643,0,0,0.0,0,0.0,0.6000
IBIT,P,2026-10-07,47.5000,636,636,0,0,0.0,0,0.0,0.0500
SPY,P,2026-10-06,769.0000,630,630,0,0,0.0,0,0.0,0.0300
PCG,C,2026-12-18,13.0000,630,630,0,0,0.0,0,0.0,0.9200
NOK,C,2027-12-17,15.0000,628,628,0,0,0.0,0,0.0,1.6200
SPY,P,2026-10-06,781.0000,615,523,92,0,0.0,0,0.0,2.0700
ETHA1,P,2026-11-06,28.0000,603,603,0,0,0.0,0,0.0,7.6500
DKNG,C,2026-10-16,20.0000,601,601,0,0,0.0,0,0.0,1.0200
NBIS,C,2026-10-16,270.0000,592,592,0,0,0.0,0,0.0,4.5400
QQQ,P,2026-10-06,757.0000,590,546,44,0,0.0,0,0.0,0.2900
AVGO,C,2026-10-16,380.0000,568,568,0,0,0.0,0,0.0,7.0500
MSFT,C,2026-10-07,537.5000,568,568,0,0,0.0,0,0.0,1.9500
SPY,C,2026-10-06,777.0000,566,447,119,0,0.0,0,0.0,2.8500
META,C,2026-10-09,752.5000,566,357,209,0,0.0,0,0.0,5.5000
SPCX,C,2028-01-21,450.0000,564,564,0,0,0.0,0,0.0,5.3600
QCOM,C,2026-10-16,205.0000,556,556,0,0,0.0,0,0.0,0.4000
TSLA,P,2028-12-15,30.0000,550,550,0,0,0.0,0,0.0,0.3500
AMD,P,2026-10-09,607.5000,550,386,164,0,0.0,0,0.0,1.3700
SPY,C,2026-10-14,790.0000,549,549,0,0,0.0,0,0.0,1.3600
MRVL,P,2026-10-09,285.0000,546,546,0,0,0.0,0,0.0,6.2000
MSFT,C,2026-10-07,532.5000,523,523,0,0,0.0,0,0.0,4.1000
UVXY,C,2026-10-23,16.0000,520,520,0,0,0.0,0,0.0,1.0500
MRVL,C,2026-10-09,300.0000,509,509,0,0,0.0,0,0.0,6.0000
WDC,C,2026-10-16,410.0000,505,505,0,0,0.0,0,0.0,17.6000
WDC,C,2026-10-16,400.0000,501,501,0,0,0.0,0,0.0,23.6600
NIO,P,2026-10-16,4.0000,500,500,0,0,0.0,0,0.0,0.6000
USO,P,2026-10-09,130.0000,500,500,0,0,0.0,0,0.0,0.1600
MSFT,C,2026-10-23,530.0000,496,496,0,0,0.0,0,0.0,13.9600
SPY,P,2026-10-06,772.0000,492,492,0,0,0.0,0,0.0,0.0500
SOXL,P,2026-10-30,80.0000,483,483,0,0,0.0,0,0.0,0.3600
MRVL,P,2026-10-09,290.0000,482,462,20,0,0.0,0,0.0,8.6700
XLU,C,2026-11-20,43.0000,479,479,0,0,0.0,0,0.0,0.4000
EWY,P,2026-11-20,190.0000,473,460,13,0,0.0,0,0.0,10.6500
TLT,P,2026-10-16,82.0000,469,469,0,0,0.0,0,0.0,4.8700
AMD,C,2026-10-07,675.0000,465,465,0,0,0.0,0,0.0,1.0800
MSFT,C,2026-10-07,542.5000,464,464,0,0,0.0,0,0.0,0.7500
NVDA,C,2026-10-07,235.0000,462,462,0,0,0.0,0,0.0,7.0000
SPOT,C,2026-10-23,535.0000,456,456,0,0,0.0,0,0.0,10.7900
IWM,C,2026-10-06,286.0000,452,452,0,0,0.0,0,0.0,0.0300
NTLA,C,2026-10-16,14.0000,452,452,0,0,0.0,0,0.0,0.2200
MRVL,C,2026-10-09,285.0000,443,443,0,0,0.0,0,0.0,12.5500
PLTR,C,2026-10-09,195.0000,438,434,4,0,0.0,0,0.0,1.8000
NVDA,C,2026-10-09,235.0000,437,437,0,0,0.0,0,0.0,7.4000
GEMI,P,2026-10-30,5.0000,431,422,9,0,0.0,0,0.0,0.5800
QQQ,P,2026-10-06,753.0000,424,419,5,0,0.0,0,0.0,0.1100
NVDA,P,2026-10-09,240.0000,422,422,0,0,0.0,0,0.0,1.9300
AMD,C,2026-10-07,640.0000,419,419,0,0,0.0,0,0.0,12.9200
AVL,P,2026-10-16,35.0000,418,418,0,0,0.0,0,0.0,0.3800
MRVL,C,2026-10-09,280.0000,417,417,0,0,0.0,0,0.0,15.8800
SPCX,C,2026-10-16,160.0000,417,417,0,0,0.0,0,0.0,15.9700
AAPL,C,2026-10-09,332.5000,414,414,0,0,0.0,0,0.0,3.8000
MRNA,P,2026-10-09,180.0000,413,413,0,0,0.0,0,0.0,2.7200
QQQ,C,2026-10-16,790.0000,412,258,154,0,0.0,0,0.0,0.6700
VXX,P,2026-10-16,17.0000,411,411,0,0,0.0,0,0.0,0.3700
SPCX,C,2026-10-09,170.0000,411,411,0,0,0.0,0,0.0,7.0300
OKLO,C,2026-10-09,35.5000,411,411,0,0,0.0,0,0.0,3.0700
IWM,C,2026-10-16,290.0000,404,404,0,0,0.0,0,0.0,1.0400
MRVL,C,2026-10-09,290.0000,403,403,0,0,0.0,0,0.0,10.6000
QQQ,P,2026-10-06,755.0000,401,376,25,0,0.0,0,0.0,0.1400
ETHA1,C,2026-11-06,14.5000,401,401,0,0,0.0,0,0.0,6.0500
MSFT,C,2026-10-07,540.0000,400,399,1,0,0.0,0,0.0,1.2100
IREN,C,2027-03-19,65.0000,400,400,0,0,0.0,0,0.0,3.2700
IREN,C,2027-03-19,70.0000,400,400,0,0,0.0,0,0.0,2.6700
ONDS,C,2026-12-18,10.0000,399,399,0,0,0.0,0,0.0,0.3500
BWXT,C,2026-10-16,160.0000,392,392,0,0,0.0,0,0.0,0.7200
PAAS,C,2029-01-19,25.0000,391,331,60,0,0.0,0,0.0,23.6000
PACB,C,2026-12-18,3.0000,391,391,0,0,0.0,0,0.0,0.5200
AMD,P,2026-10-09,605.0000,386,291,95,0,0.0,0,0.0,1.4600
QQQ,C,2026-10-06,765.0000,381,379,2,0,0.0,0,0.0,0.1700
NVDA,P,2026-10-07,245.0000,381,381,0,0,0.0,0,0.0,3.8000
META,C,2026-10-23,750.0000,380,380,0,0,0.0,0,0.0,18.8000
ETHA1,C,2026-10-23,14.5000,380,380,0,0,0.0,0,0.0,5.9500
PLTR,C,2026-10-09,200.0000,379,377,2,0,0.0,0,0.0,0.7000
NVDA,P,2026-10-07,240.0000,378,368,10,0,0.0,0,0.0,0.8400
NVDA,C,2026-10-23,240.0000,375,330,45,0,0.0,0,0.0,7.3500
RDW,C,2026-10-16,12.0000,375,375,0,0,0.0,0,0.0,0.2600
SPY,C,2026-10-07,785.0000,374,374,0,0,0.0,0,0.0,0.3200
PLAY,C,2026-11-20,8.0000,374,374,0,0,0.0,0,0.0,0.3500
AMD,C,2026-10-07,650.0000,373,371,2,0,0.0,0,0.0,6.9500
NVDA,C,2026-10-09,242.5000,373,373,0,0,0.0,0,0.0,2.6500
META,C,2026-10-09,760.0000,372,354,18,0,0.0,0,0.0,3.7500
EWY,C,2026-11-20,195.0000,371,371,0,0,0.0,0,0.0,9.0000
MSFT,C,2026-10-09,535.0000,371,371,0,0,0.0,0,0.0,4.8000
AAPL,C,2026-10-07,335.0000,367,367,0,0,0.0,0,0.0,1.1700
SPY,C,2026-10-07,779.0000,366,363,3,0,0.0,0,0.0,2.3300
AMZN,C,2026-10-07,252.5000,365,365,0,0,0.0,0,0.0,2.9800
IBIT,C,2026-10-07,49.5000,363,360,3,0,0.0,0,0.0,0.1700
SPY,P,2026-10-09,767.0000,363,363,0,0,0.0,0,0.0,0.4900
AMZN,C,2026-10-07,255.0000,363,363,0,0,0.0,0,0.0,1.5400
AMD,C,2026-10-16,650.0000,362,362,0,0,0.0,0,0.0,20.7100
TRMD,C,2026-10-16,42.5000,362,362,0,0,0.0,0,0.0,0.3800
AVGO,C,2026-10-07,375.0000,362,360,2,0,0.0,0,0.0,4.0500
NVDA,C,2026-10-07,240.0000,352,352,0,0,0.0,0,0.0,3.1500
TSLA,C,2026-10-07,390.0000,352,352,0,0,0.0,0,0.0,0.8600
ASTS,P,2026-10-09,63.0000,348,348,0,0,0.0,0,0.0,1.7800
SPY,C,2026-10-06,786.0000,345,345,0,0,0.0,0,0.0,0.0300
SMCI,C,2026-10-09,45.0000,345,345,0,0,0.0,0,0.0,0.9300
TSLA,P,2026-10-07,377.5000,341,341,0,0,0.0,0,0.0,2.0400
GGLL,P,2026-11-20,95.0000,338,337,1,0,0.0,0,0.0,6.1300
NVDA,C,2026-10-30,225.0000,335,335,0,0,0.0,0,0.0,20.2400
ASTS,P,2026-10-16,55.0000,333,333,0,0,0.0,0,0.0,0.4400
PACB,C,2026-10-16,3.0000,333,333,0,0,0.0,0,0.0,0.1400
SH,P,2028-01-21,33.0000,330,330,0,0,0.0,0,0.0,3.4800
AMD,P,2026-10-07,610.0000,328,328,0,0,0.0,0,0.0,0.2500
SPY,P,2026-10-09,770.0000,328,328,0,0,0.0,0,0.0,0.7800
SPY,C,2026-10-07,780.0000,327,327,0,0,0.0,0,0.0,1.8000
AMKR,C,2027-01-15,60.0000,325,325,0,0,0.0,0,0.0,6.4000
SPY,C,2026-10-06,772.0000,324,324,0,0,0.0,0,0.0,7.3500
BHF,P,2026-10-16,45.0000,318,290,28,0,0.0,0,0.0,0.2000
TQQQ,P,2026-10-07,83.0000,316,316,0,0,0.0,0,0.0,0.4700
TLT,P,2028-12-15,75.0000,316,316,0,0,0.0,0,0.0,5.1500
DRAM,P,2026-10-07,60.0000,315,315,0,0,0.0,0,0.0,0.4700
KEEL,P,2027-01-15,1.5000,315,315,0,0,0.0,0,0.0,0.0300
NVDA,C,2026-10-09,247.5000,315,315,0,0,0.0,0,0.0,0.8400
DRAM,P,2026-10-07,61.0000,313,313,0,0,0.0,0,0.0,1.0400
SPY,C,2026-10-07,778.0000,313,313,0,0,0.0,0,0.0,2.7500
SPY,P,2026-10-09,763.0000,312,312,0,0,0.0,0,0.0,0.2700
MSFT,C,2026-10-07,547.5000,310,310,0,0,0.0,0,0.0,0.4600
NVDA,P,2026-10-09,242.5000,310,310,0,0,0.0,0,0.0,2.9300
NVDA,C,2026-10-07,250.0000,310,310,0,0,0.0,0,0.0,0.1100
SPCX,C,2026-10-09,180.0000,308,296,12,0,0.0,0,0.0,2.0000
SPCX,C,2026-11-20,180.0000,307,279,28,0,0.0,0,0.0,10.8500
QCOM,C,2026-10-16,190.0000,306,306,0,0,0.0,0,0.0,2.0500
TSLA,P,2026-10-07,385.0000,306,306,0,0,0.0,0,0.0,5.8500
NVAX,P,2026-10-09,12.0000,305,305,0,0,0.0,0,0.0,0.8600
NVDA,P,2026-10-16,250.0000,305,305,0,0,0.0,0,0.0,9.3500
AAPL,C,2026-10-30,340.0000,304,304,0,0,0.0,0,0.0,6.2800
ARM,C,2026-10-16,330.0000,303,303,0,0,0.0,0,0.0,4.8700
NBIS,C,2026-10-09,250.0000,302,300,2,0,0.0,0,0.0,5.6000
AVGO,C,2026-10-07,377.5000,302,302,0,0,0.0,0,0.0,2.8300
GOOGL,C,2026-12-18,400.0000,301,301,0,0,0.0,0,0.0,5.3000
SPY,C,2026-10-07,772.0000,301,301,0,0,0.0,0,0.0,8.9200
RZLV,C,2027-05-21,4.0000,300,300,0,0,0.0,0,0.0,0.2100
DRAM,P,2026-10-09,60.5000,300,300,0,0,0.0,0,0.0,1.0700
