Product,Symbol,Expiration Date,Price
VX,VX40/V6,2026-10-07,17.4555
VX,VX41/V6,2026-10-14,17.4555
VX,VX/V6,2026-10-21,17.4555
VX,VX43/V6,2026-10-28,17.4555
VX,VX44/X6,2026-11-04,17.4555
VX,VX45/X6,2026-11-11,17.4555
VX,VX/X6,2026-11-18,18.1393
VX,VX/Z6,2026-12-16,18.5508
VX,VX/F7,2027-01-20,19.3327
VX,VX/G7,2027-02-17,19.8344
VX,VX/H7,2027-03-17,20.0151
VX,VX/J7,2027-04-21,20.375
VX,VX/K7,2027-05-18,20.525
VX,VX/M7,2027-06-16,20.7995
VXM,VXM/V6,2026-10-21,17.4555
VXM,VXM/X6,2026-11-18,18.1393
VXM,VXM/Z6,2026-12-16,18.5508
VXM,VXM/F7,2027-01-20,19.3327
VXM,VXM/G7,2027-02-17,19.8344
VXM,VXM/H7,2027-03-17,20.0151
VA,VA/V6,2026-10-16,145.75
VA,VA/X6,2026-11-20,177.25
VA,VA/Z6,2026-12-18,170.25
VA,VA/F7,2027-01-15,242.75
VA,VA/G7,2027-02-19,303.25
VA,VA/H7,2027-03-19,363.75
VA,VA/M7,2027-06-17,297.25
VA,VA/Z7,2027-12-17,417.25
IBHY,IBHY/Z6,2026-12-01,180.12
IBHY,IBHY/H7,2027-03-01,181.635
IBHY,IBHY/M7,2027-06-01,181.635
IBIG,IBIG/Z6,2026-12-01,140.52
IBIG,IBIG/H7,2027-03-01,141.895
IBIG,IBIG/M7,2027-06-01,141.895
IEMD,IEMD/Z6,2026-12-01,155.48
IEMD,IEMD/H7,2027-03-01,157.11
IEMD,IEMD/M7,2027-06-01,157.11
XBTF,XBTF/V6,2026-10-30,8601.00
XBTF,XBTF/X6,2026-11-30,8601.00
XBTF,XBTF/Z6,2026-12-31,8601.00
XBTF,XBTF/F7,2027-01-29,8601.00
FBT,FBT/V6,2026-10-30,86015.00
FBT,FBT/X6,2026-11-27,86408.00
FBT,FBT/Z6,2026-12-24,87089.00
FBT,FBT/H7,2027-03-25,88936.00
FET,FET/V6,2026-10-30,2718.00
FET,FET/X6,2026-11-27,2728.10
FET,FET/Z6,2026-12-24,2753.40
FET,FET/H7,2027-03-25,2800.60
PBT,PBT/Z35,2035-12-28,85718.00
PET,PET/Z35,2035-12-28,2708.70
MGTN,MGTN/V6,2026-10-16,560.60
MGTN,MGTN/X6,2026-11-20,562.22
MGTN,MGTN/Z6,2026-12-18,565.75
MGTN,MGTN/F7,2027-01-15,566.61
